"Id","Address","Name","d1","Latitude","Longitude","ClientDeliveryWindowStart","ClientDeliveryWindowFinish","Depot","RouteId","LegId","VehicleId","Shift","ZoneId","SequenceId","ArrivalTime","DepartureTime"
"35449558","12-18 DISTRIBUTION DRIVE, , TRUGANINA, VIC, 3029","Lactalis (Tullamarine VIC)",1,-37.81587085,144.75986288,"03:00","07:00","Tullamarine","3001","leg1","VAN5","day","VIC Melbourne Metro & VIC Outer Melbourne West & VIC Melbourne Metro Inner",1,"05:53","06:01"
"35449567","26 AILSA STREET SOUTH, , LAVERTON, VIC, 3028","Lactalis (Tullamarine VIC)",1,-37.8692749,144.76212,"01:00","07:00","Tullamarine","3001","leg1","VAN5","day","VIC Melbourne Metro & VIC Outer Melbourne West & VIC Melbourne Metro Inner",2,"06:17","06:26"
"35449578","8-10 RUSSELL STREET, , WERRIBEE, VIC, 3030","Lactalis (Tullamarine VIC)",1,-37.9082798,144.664468,"03:00","09:00","Tullamarine","3001","leg1","VAN5","day","VIC Melbourne Metro & VIC Outer Melbourne West & VIC Melbourne Metro Inner",3,"06:40","06:45"
"35449577","137-139 PRINCES HIGHWAY, , WERRIBEE, VIC, 3030","Lactalis (Tullamarine VIC)",1,-37.89331728,144.68095649,"01:00","07:00","Tullamarine","3001","leg1","VAN5","day","VIC Melbourne Metro & VIC Outer Melbourne West & VIC Melbourne Metro Inner",4,"06:52","06:57"
"35449576","240 HOPPERS LANE, , WERRIBEE, VIC, 3030","Lactalis (Tullamarine VIC)",1,-37.887348,144.7026597,"06:00","10:00","Tullamarine","3001","leg1","VAN5","day","VIC Melbourne Metro & VIC Outer Melbourne West & VIC Melbourne Metro Inner",5,"07:01","07:06"
"35449581","50 Old Geelong Rd, 50 Old Geelong Road, HOPPERS CROSSING, VIC, 3029","Lactalis (Tullamarine VIC)",1,-37.88201061,144.7030077,"07:00","13:00","Tullamarine","3001","leg1","VAN5","day","VIC Melbourne Metro & VIC Outer Melbourne West & VIC Melbourne Metro Inner",6,"07:12","07:22"
"35449575","380 SAYERS ROAD, 380 Sayers Road, TARNEIT, VIC, 3029","Lactalis (Tullamarine VIC)",1,-37.8499641,144.7055547,"06:00","10:00","Tullamarine","3001","leg1","VAN5","day","VIC Melbourne Metro & VIC Outer Melbourne West & VIC Melbourne Metro Inner",7,"07:30","07:35"
"35449574","220 Sayers ROAD, , TRUGANINA, VIC, 3029","Lactalis (Tullamarine VIC)",1,-37.85361,144.74581,"04:00","12:00","Tullamarine","3001","leg1","VAN5","day","VIC Melbourne Metro & VIC Outer Melbourne West & VIC Melbourne Metro Inner",8,"07:41","07:47"
"35449589","297 PALMERS RD, , TRUGANINA, VIC, 3029","Lactalis (Tullamarine VIC)",1,-37.8316692,144.7467389,"05:00","11:00","Tullamarine","3001","leg1","VAN5","day","VIC Melbourne Metro & VIC Outer Melbourne West & VIC Melbourne Metro Inner",9,"07:51","08:00"
"35449588","297 PALMERS RD, , TRUGANINA, VIC, 3029","Lactalis (Tullamarine VIC)",1,-37.8316692,144.7467389,"05:00","11:00","Tullamarine","3001","leg1","VAN5","day","VIC Melbourne Metro & VIC Outer Melbourne West & VIC Melbourne Metro Inner",10,"08:00","08:09"
"35449573","465 Dohertys Rd, , TRUGANINA, VIC, 3029","Lactalis (Tullamarine VIC)",1,-37.82518,144.74683,"03:00","09:00","Tullamarine","3001","leg1","VAN5","day","VIC Melbourne Metro & VIC Outer Melbourne West & VIC Melbourne Metro Inner",11,"08:11","08:19"
"35449587","33 Felstead Drive, , TRUGANINA, VIC, 3029","Lactalis (Tullamarine VIC)",1,-37.82361513,144.75020999,"03:00","09:00","Tullamarine","3001","leg1","VAN5","day","VIC Melbourne Metro & VIC Outer Melbourne West & VIC Melbourne Metro Inner",12,"08:23","08:33"
"35449560","73 SAYERS ROAD, , WILLIAMS LANDING, VIC, 3027","Lactalis (Tullamarine VIC)",1,-37.85473,144.74798,"03:00","12:00","Tullamarine","3001","leg1","VAN5","day","VIC Melbourne Metro & VIC Outer Melbourne West & VIC Melbourne Metro Inner",13,"08:38","08:47"
"35449572","10 Aviation Rd, , LAVERTON, VIC, 3028","Lactalis (Tullamarine VIC)",1,-37.86768924,144.76139934,"07:00","11:00","Tullamarine","3001","leg1","VAN5","day","VIC Melbourne Metro & VIC Outer Melbourne West & VIC Melbourne Metro Inner",14,"08:52","08:57"
"35449559","297 QUEEN STREET, , ALTONA MEADOWS, VIC, 3028","Lactalis (Tullamarine VIC)",1,-37.87382954,144.78827757,"06:00","12:00","Tullamarine","3001","leg1","VAN5","day","VIC Melbourne Metro & VIC Outer Melbourne West & VIC Melbourne Metro Inner",15,"09:03","09:12"
"35449569","306-316 QUEEN STREET, , ALTONA MEADOWS, VIC, 3028","Lactalis (Tullamarine VIC)",1,-37.8736138,144.7858054,"07:00","13:00","Tullamarine","3001","leg1","VAN5","day","VIC Melbourne Metro & VIC Outer Melbourne West & VIC Melbourne Metro Inner",16,"09:13","09:20"
"35449561","144e-144f POINT COOK ROAD, , SEABROOK, VIC, 3028","Lactalis (Tullamarine VIC)",1,-37.88634212,144.75583698,"07:00","13:00","Tullamarine","3001","leg1","VAN5","day","VIC Melbourne Metro & VIC Outer Melbourne West & VIC Melbourne Metro Inner",17,"09:26","09:34"
"35449570","300 POINT COOK ROAD, , POINT COOK, VIC, 3030","Lactalis (Tullamarine VIC)",1,-37.89654052,144.75223942,"04:00","10:00","Tullamarine","3001","leg1","VAN5","day","VIC Melbourne Metro & VIC Outer Melbourne West & VIC Melbourne Metro Inner",18,"09:38","09:43"
"35449565","9 Hewett Dr, , POINT COOK, VIC, 3030","Lactalis (Tullamarine VIC)",1,-37.8919453,144.7253714,"06:00","10:00","Tullamarine","3001","leg1","VAN5","day","VIC Melbourne Metro & VIC Outer Melbourne West & VIC Melbourne Metro Inner",19,"09:50","09:58"
"35449579","39 DEUTGAM ST, , WERRIBEE, VIC, 3030","Lactalis (Tullamarine VIC)",1,-37.908724,144.6569323,"06:45","10:45","Tullamarine","3001","leg1","VAN5","day","VIC Melbourne Metro & VIC Outer Melbourne West & VIC Melbourne Metro Inner",20,"10:13","10:20"
"35449580","210 BALLAN ROAD, , WYNDHAM VALE, VIC, 3024","Lactalis (Tullamarine VIC)",1,-37.89194802,144.63010952,"06:00","11:00","Tullamarine","3001","leg1","VAN5","day","VIC Melbourne Metro & VIC Outer Melbourne West & VIC Melbourne Metro Inner",21,"10:28","10:37"
"35449584","Cnr Derrimut Road &, Heaths Rd, , WERRIBEE, VIC, 3030","Lactalis (Tullamarine VIC)",1,-37.87637906,144.68008823,"08:00","12:30","Tullamarine","3001","leg1","VAN5","day","VIC Melbourne Metro & VIC Outer Melbourne West & VIC Melbourne Metro Inner",22,"10:47","10:55"
"35449582","CNR DERRIMUT ROAD AND HEATHS ROAD, , WERRIBEE, VIC, 3030","Lactalis (Tullamarine VIC)",1,-37.87575968,144.68100873,"09:00","13:00","Tullamarine","3001","leg1","VAN5","day","VIC Melbourne Metro & VIC Outer Melbourne West & VIC Melbourne Metro Inner",23,"10:57","11:06"
"35449583","Cnr Derrimut Road &, Heaths Rd, , WERRIBEE, VIC, 3030","Lactalis (Tullamarine VIC)",1,-37.87477995,144.6775199,"08:30","12:30","Tullamarine","3001","leg1","VAN5","day","VIC Melbourne Metro & VIC Outer Melbourne West & VIC Melbourne Metro Inner",24,"11:10","11:18"
"35449563","10 WOOL SREET, , TARNEIT, VIC, 3029","Lactalis (Tullamarine VIC)",1,-37.8450677,144.6685932,"05:00","12:00","Tullamarine","3001","leg1","VAN5","day","VIC Melbourne Metro & VIC Outer Melbourne West & VIC Melbourne Metro Inner",25,"11:30","11:35"
"35449585","747 Tarneit Rd, , TARNEIT, VIC, 3029","Lactalis (Tullamarine VIC)",1,-37.83960276,144.6738822,"07:00","13:00","Tullamarine","3001","leg1","VAN5","day","VIC Melbourne Metro & VIC Outer Melbourne West & VIC Melbourne Metro Inner",26,"11:37","11:43"
"35449586","761 LEAKES RD, , TARNEIT, VIC, 3029","Lactalis (Tullamarine VIC)",1,-37.83456,144.69037,"05:00","12:00","Tullamarine","3001","leg1","VAN5","day","VIC Melbourne Metro & VIC Outer Melbourne West & VIC Melbourne Metro Inner",27,"11:48","11:57"
"35449566","485 DOHERTYS RD, , TRUGANINA, VIC, 3029","Lactalis (Tullamarine VIC)",1,-37.8247032,144.7370187,"06:00","12:30","Tullamarine","3001","leg1","VAN5","day","VIC Melbourne Metro & VIC Outer Melbourne West & VIC Melbourne Metro Inner",28,"12:11","12:25"
"35449640","406 LYGON STREET, , CARLTON, VIC, 3053","Lactalis (Tullamarine VIC)",1,-37.7973813,144.9679812,"01:00","07:00","Tullamarine","3002","leg1","VAN1","day","VIC Melbourne Metro & VIC Outer Melbourne West & VIC Melbourne Metro Inner",1,"05:22","05:28"
"35449650","159 GREY ST, , EAST MELBOURNE, VIC, 3002","Lactalis (Tullamarine VIC)",1,-37.81210875,144.98407883,"03:00","07:00","Tullamarine","3002","leg1","VAN1","day","VIC Melbourne Metro & VIC Outer Melbourne West & VIC Melbourne Metro Inner",2,"05:39","05:46"
"35449672","32 Erin St, , RICHMOND, VIC, 3121","Lactalis (Tullamarine VIC)",1,-37.8168541,144.9926868,"03:00","07:00","Tullamarine","3002","leg1","VAN1","day","VIC Melbourne Metro & VIC Outer Melbourne West & VIC Melbourne Metro Inner",3,"05:52","06:02"
"35449634","461 SWAN STREET, , RICHMOND, VIC, 3121","Lactalis (Tullamarine VIC)",1,-37.8267557,145.0092668,"06:00","11:00","Tullamarine","3002","leg1","VAN1","day","VIC Melbourne Metro & VIC Outer Melbourne West & VIC Melbourne Metro Inner",4,"06:09","06:18"
"35449632","180 ST KILDA RD, , SOUTHBANK, VIC, 3006","Lactalis (Tullamarine VIC)",1,-37.8227839,144.9688417,"06:30","10:30","Tullamarine","3002","leg1","VAN1","day","VIC Melbourne Metro & VIC Outer Melbourne West & VIC Melbourne Metro Inner",5,"06:28","06:41"
"35449668","180 ST KILDA RD, , SOUTHBANK, VIC, 3006","Lactalis (Tullamarine VIC)",1,-37.8227839,144.9688417,"06:30","10:30","Tullamarine","3002","leg1","VAN1","day","VIC Melbourne Metro & VIC Outer Melbourne West & VIC Melbourne Metro Inner",6,"06:41","06:52"
"35449678","123 COLLINS ST, , MELBOURNE, VIC, 3000","Lactalis (Tullamarine VIC)",1,-37.8152145,144.9700836,"04:00","10:00","Tullamarine","3002","leg1","VAN1","day","VIC Melbourne Metro & VIC Outer Melbourne West & VIC Melbourne Metro Inner",7,"06:58","07:07"
"35449675","2 SAINT ANDREWS PLACE, , EAST MELBOURNE, VIC, 8002","Lactalis (Tullamarine VIC)",1,-37.8118248,144.9772692,"07:00","11:00","Tullamarine","3002","leg1","VAN1","day","VIC Melbourne Metro & VIC Outer Melbourne West & VIC Melbourne Metro Inner",8,"07:13","07:22"
"35449670","166 CLARENDON STREET, , EAST MELBOURNE, VIC, 3002","Lactalis (Tullamarine VIC)",1,-37.810971,144.9836976,"07:00","18:00","Tullamarine","3002","leg1","VAN1","day","VIC Melbourne Metro & VIC Outer Melbourne West & VIC Melbourne Metro Inner",9,"07:25","07:32"
"35449671","88 BRIDGE ROAD, , RICHMOND, VIC, 3121","Lactalis (Tullamarine VIC)",1,-37.8179831,144.9928528,"07:00","18:00","Tullamarine","3002","leg1","VAN1","day","VIC Melbourne Metro & VIC Outer Melbourne West & VIC Melbourne Metro Inner",10,"07:37","07:42"
"35449656","446 VICTORIA PDE, , EAST MELBOURNE, VIC, 3002","Lactalis (Tullamarine VIC)",1,-37.80968296,144.98548811,"07:00","12:00","Tullamarine","3002","leg1","VAN1","day","VIC Melbourne Metro & VIC Outer Melbourne West & VIC Melbourne Metro Inner",11,"07:46","07:54"
"35449676","320 VICTORIA PARADE, , EAST MELBOURNE, VIC, 3002","Lactalis (Tullamarine VIC)",1,-37.80944004,144.98189079,"03:00","09:00","Tullamarine","3002","leg1","VAN1","day","VIC Melbourne Metro & VIC Outer Melbourne West & VIC Melbourne Metro Inner",12,"07:55","08:00"
"35449648","32 GISBORNE ST, , EAST MELBOURNE, VIC, 3002","Lactalis (Tullamarine VIC)",1,-37.8089482,144.97600157,"06:00","10:30","Tullamarine","3002","leg1","VAN1","day","VIC Melbourne Metro & VIC Outer Melbourne West & VIC Melbourne Metro Inner",13,"08:02","08:10"
"35449673","55 VICTORIA PARADE, , FITZROY, VIC, 3065","Lactalis (Tullamarine VIC)",1,-37.8077417,144.975597,"06:00","10:00","Tullamarine","3002","leg1","VAN1","day","VIC Melbourne Metro & VIC Outer Melbourne West & VIC Melbourne Metro Inner",14,"08:12","08:21"
"35449674","59 VICTORIA PARADE, , FITZROY, VIC, 3065","Lactalis (Tullamarine VIC)",1,-37.8077459,144.976074,"06:00","10:00","Tullamarine","3002","leg1","VAN1","day","VIC Melbourne Metro & VIC Outer Melbourne West & VIC Melbourne Metro Inner",15,"08:21","08:30"
"35449654","390 NICHOLSON ST, , FITZROY, VIC, 3065","Lactalis (Tullamarine VIC)",1,-37.79091621,144.97638958,"05:30","09:30","Tullamarine","3002","leg1","VAN1","day","VIC Melbourne Metro & VIC Outer Melbourne West & VIC Melbourne Metro Inner",16,"08:39","08:48"
"35449635","75-81 ALEXANDRA PARADE, , FITZROY, VIC, 3065","Lactalis (Tullamarine VIC)",1,-37.792866,144.9787166,"07:00","13:00","Tullamarine","3002","leg1","VAN1","day","VIC Melbourne Metro & VIC Outer Melbourne West & VIC Melbourne Metro Inner",17,"08:49","08:55"
"35449639","11-17 ALEXANDRA PARADE, , COLLINGWOOD, VIC, 3066","Lactalis (Tullamarine VIC)",1,-37.7944037,144.9863235,"01:00","14:00","Tullamarine","3002","leg1","VAN1","day","VIC Melbourne Metro & VIC Outer Melbourne West & VIC Melbourne Metro Inner",18,"08:58","09:03"
"35449642","11-17 ALEXANDRA PARADE, , COLLINGWOOD, VIC, 3066","Lactalis (Tullamarine VIC)",1,-37.7944037,144.9863235,"01:00","14:00","Tullamarine","3002","leg1","VAN1","day","VIC Melbourne Metro & VIC Outer Melbourne West & VIC Melbourne Metro Inner",19,"09:03","09:08"
"35449658","103-107 LYGON ST, , CARLTON, VIC, 3053","Lactalis (Tullamarine VIC)",1,-37.804429,144.96613574,"07:00","12:00","Tullamarine","3002","leg1","VAN1","day","VIC Melbourne Metro & VIC Outer Melbourne West & VIC Melbourne Metro Inner",20,"09:16","09:25"
"35449659","211 La Trobe St, Floor 1, MELBOURNE, VIC, 3000","Lactalis (Tullamarine VIC)",1,-37.8106228,144.9631884,"06:00","10:00","Tullamarine","3002","leg1","VAN1","day","VIC Melbourne Metro & VIC Outer Melbourne West & VIC Melbourne Metro Inner",21,"09:33","09:39"
"35449647","315 SWANSTON STREET, , MELBOURNE, VIC, 3000","Lactalis (Tullamarine VIC)",1,-37.8108898,144.9641372,"09:00","14:00","Tullamarine","3002","leg1","VAN1","day","VIC Melbourne Metro & VIC Outer Melbourne West & VIC Melbourne Metro Inner",22,"09:40","09:49"
"35449655","SWANSTON STREET, QV, MELBOURNE, VIC, 3000","Lactalis (Tullamarine VIC)",1,-37.81067488,144.96459169,"09:00","13:00","Tullamarine","3002","leg1","VAN1","day","VIC Melbourne Metro & VIC Outer Melbourne West & VIC Melbourne Metro Inner",23,"09:50","09:59"
"35449669","2-041 287 LONSDALE STREET, Melbourne Emporium, MELBOURNE, VIC, 8001","Lactalis (Tullamarine VIC)",1,-37.8123362,144.9637384,"07:00","18:00","Tullamarine","3002","leg1","VAN1","day","VIC Melbourne Metro & VIC Outer Melbourne West & VIC Melbourne Metro Inner",24,"10:01","10:06"
"35449645","85 QUEEN ST, , MELBOURNE, VIC, 3000","Lactalis (Tullamarine VIC)",1,-37.8164646,144.961033,"07:00","12:00","Tullamarine","3002","leg1","VAN1","day","VIC Melbourne Metro & VIC Outer Melbourne West & VIC Melbourne Metro Inner",25,"10:10","10:19"
"35449631","3 SOUTHGATE AVENUE, , SOUTHBANK, VIC, 3006","Lactalis (Tullamarine VIC)",1,-37.820556,144.965833,"09:00","14:00","Tullamarine","3002","leg1","VAN1","day","VIC Melbourne Metro & VIC Outer Melbourne West & VIC Melbourne Metro Inner",26,"10:26","10:32"
"35449633","6 FRESHWATER PL, , SOUTHBANK, VIC, 3006","Lactalis (Tullamarine VIC)",1,-37.822004,144.962954,"07:00","12:00","Tullamarine","3002","leg1","VAN1","day","VIC Melbourne Metro & VIC Outer Melbourne West & VIC Melbourne Metro Inner",27,"10:35","10:44"
"35449666","6 FRESHWATER PL, , SOUTHBANK, VIC, 3006","Lactalis (Tullamarine VIC)",1,-37.822004,144.962954,"07:00","12:00","Tullamarine","3002","leg1","VAN1","day","VIC Melbourne Metro & VIC Outer Melbourne West & VIC Melbourne Metro Inner",28,"10:44","10:53"
"35449667","89-91 CITY ROAD, , SOUTHBANK, VIC, 3006","Lactalis (Tullamarine VIC)",1,-37.822547,144.965129,"07:00","11:00","Tullamarine","3002","leg1","VAN1","day","VIC Melbourne Metro & VIC Outer Melbourne West & VIC Melbourne Metro Inner",29,"10:55","11:00"
"35449664","135 WELLS ST, , SOUTHBANK, VIC, 3006","Lactalis (Tullamarine VIC)",1,-37.83016801,144.969535,"07:00","12:00","Tullamarine","3002","leg1","VAN1","day","VIC Melbourne Metro & VIC Outer Melbourne West & VIC Melbourne Metro Inner",30,"11:06","11:15"
"35449636","291-301 SMITHFIELD ROAD, , KENSINGTON, VIC, 3031","Lactalis (Tullamarine VIC)",1,-37.792124,144.91865964,"01:00","07:00","Tullamarine","3003","leg1","VAN4","day","VIC Melbourne Metro & VIC Outer Melbourne West & VIC Melbourne Metro Inner",1,"05:19","05:26"
"35449630","11 NAPIER ROAD, , FOOTSCRAY, VIC, 3011","Lactalis (Tullamarine VIC)",1,-37.8055781,144.904651,"05:00","11:00","Tullamarine","3003","leg1","VAN4","day","VIC Melbourne Metro & VIC Outer Melbourne West & VIC Melbourne Metro Inner",2,"05:36","05:41"
"35449660","88 LORIMER STREET, , DOCKLANDS, VIC, 3008","Lactalis (Tullamarine VIC)",1,-37.8247477,144.9438243,"06:00","11:00","Tullamarine","3003","leg1","VAN4","day","VIC Melbourne Metro & VIC Outer Melbourne West & VIC Melbourne Metro Inner",3,"05:54","06:09"
"35449643","99 SPENCER ST, , DOCKLANDS, VIC, 3008","Lactalis (Tullamarine VIC)",1,-37.81761,144.9525,"04:30","08:30","Tullamarine","3003","leg1","VAN4","day","VIC Melbourne Metro & VIC Outer Melbourne West & VIC Melbourne Metro Inner",4,"06:15","06:24"
"35449644","470 COLLINS ST, , MELBOURNE, VIC, 3000","Lactalis (Tullamarine VIC)",1,-37.8176335,144.9585748,"06:00","10:30","Tullamarine","3003","leg1","VAN4","day","VIC Melbourne Metro & VIC Outer Melbourne West & VIC Melbourne Metro Inner",5,"06:28","06:37"
"35449665","607 COLLINS ST, , MELBOURNE, VIC, 3000","Lactalis (Tullamarine VIC)",1,-37.81913201,144.95458086,"06:30","10:30","Tullamarine","3003","leg1","VAN4","day","VIC Melbourne Metro & VIC Outer Melbourne West & VIC Melbourne Metro Inner",6,"06:43","06:48"
"35449662","83 DANKS STREET, , ALBERT PARK, VIC, 3206","Lactalis (Tullamarine VIC)",1,-37.84472,144.94764,"05:00","09:00","Tullamarine","3003","leg1","VAN4","day","VIC Melbourne Metro & VIC Outer Melbourne West & VIC Melbourne Metro Inner",7,"06:58","07:07"
"35449663","163 MILLS ST, , ALBERT PARK, VIC, 3206","Lactalis (Tullamarine VIC)",1,-37.849476,144.956128,"07:00","12:00","Tullamarine","3003","leg1","VAN4","day","VIC Melbourne Metro & VIC Outer Melbourne West & VIC Melbourne Metro Inner",8,"07:10","07:16"
"35449661","195 BAY STREET, , PORT MELBOURNE, VIC, 3207","Lactalis (Tullamarine VIC)",1,-37.839046,144.941582,"07:00","11:00","Tullamarine","3003","leg1","VAN4","day","VIC Melbourne Metro & VIC Outer Melbourne West & VIC Melbourne Metro Inner",9,"07:21","07:30"
"35449599","46-62 COOK STREET, , PORT MELBOURNE, VIC, 3207","Lactalis (Tullamarine VIC)",1,-37.82958128,144.91757225,"04:00","11:00","Tullamarine","3003","leg1","VAN4","day","VIC Melbourne Metro & VIC Outer Melbourne West & VIC Melbourne Metro Inner",10,"07:41","07:46"
"35449604","632-642 MELBOURNE RD, , SPOTSWOOD, VIC, 3015","Lactalis (Tullamarine VIC)",1,-37.827535,144.8813932,"01:00","14:00","Tullamarine","3003","leg1","VAN4","day","VIC Melbourne Metro & VIC Outer Melbourne West & VIC Melbourne Metro Inner",11,"07:54","08:00"
"35449629","72 HUDSONS RD, , SPOTSWOOD, VIC, 3015","Lactalis (Tullamarine VIC)",1,-37.82965508,144.88569349,"08:00","12:00","Tullamarine","3003","leg1","VAN4","day","VIC Melbourne Metro & VIC Outer Melbourne West & VIC Melbourne Metro Inner",12,"08:03","08:12"
"35449596","115 CECIL STREET, , WILLIAMSTOWN, VIC, 3016","Lactalis (Tullamarine VIC)",1,-37.86380599,144.90042003,"07:00","11:00","Tullamarine","3003","leg1","VAN4","day","VIC Melbourne Metro & VIC Outer Melbourne West & VIC Melbourne Metro Inner",13,"08:21","08:27"
"35449626","68 FERGUSON STREET, , WILLIAMSTOWN, VIC, 3016","Lactalis (Tullamarine VIC)",1,-37.8587176,144.8984208,"07:00","18:00","Tullamarine","3003","leg1","VAN4","day","VIC Melbourne Metro & VIC Outer Melbourne West & VIC Melbourne Metro Inner",14,"08:32","08:41"
"35449625","268 KOROROIT CREEK ROAD, , WILLIAMSTOWN NORTH, VIC, 3016","Lactalis (Tullamarine VIC)",1,-37.85554294,144.87011702,"06:00","10:00","Tullamarine","3003","leg1","VAN4","day","VIC Melbourne Metro & VIC Outer Melbourne West & VIC Melbourne Metro Inner",15,"08:49","08:58"
"35449628","63 THE CIRCLE, , ALTONA NORTH, VIC, 3025","Lactalis (Tullamarine VIC)",1,-37.836283,144.863272,"07:00","12:00","Tullamarine","3003","leg1","VAN4","day","VIC Melbourne Metro & VIC Outer Melbourne West & VIC Melbourne Metro Inner",16,"09:06","09:12"
"35449627","124-134 Millers Road, Altona Gate Shopping Centre, ALTONA NORTH, VIC, 3025","Lactalis (Tullamarine VIC)",1,-37.82850242,144.84734838,"07:00","18:00","Tullamarine","3003","leg1","VAN4","day","VIC Melbourne Metro & VIC Outer Melbourne West & VIC Melbourne Metro Inner",17,"09:20","09:26"
"35449597","309 BUCKLEY STREET, , ESSENDON, VIC, 3040","Lactalis (Tullamarine VIC)",1,-37.75537799,144.90096997,"06:00","10:00","Tullamarine","3003","leg1","VAN4","day","VIC Melbourne Metro & VIC Outer Melbourne West & VIC Melbourne Metro Inner",18,"09:49","09:56"
"35449680","347 BUCKLEY STREET, , ESSENDON WEST, VIC, 3040","Lactalis (Tullamarine VIC)",1,-37.75540296,144.89663912,"07:00","12:00","Tullamarine","3003","leg1","VAN4","day","VIC Melbourne Metro & VIC Outer Melbourne West & VIC Melbourne Metro Inner",19,"09:57","10:03"
"35449681","249 KEILOR ROAD, , ESSENDON NORTH, VIC, 3041","Lactalis (Tullamarine VIC)",1,-37.7395895,144.897622,"05:00","11:00","Tullamarine","3003","leg1","VAN4","day","VIC Melbourne Metro & VIC Outer Melbourne West & VIC Melbourne Metro Inner",20,"10:09","10:15"
"35449590","400 PASCO VALE ROAD, , STRATHMORE, VIC, 3041","Lactalis (Tullamarine VIC)",1,-37.73798,144.92767,"07:00","11:00","Tullamarine","3003","leg1","VAN4","day","VIC Melbourne Metro & VIC Outer Melbourne West & VIC Melbourne Metro Inner",21,"10:23","10:32"
"35449652","0 ELLIOT AVE, Main Kitchen, PARKVILLE, VIC, 3052","Lactalis (Tullamarine VIC)",1,-37.78537408,144.95336133,"08:00","12:00","Tullamarine","3003","leg1","VAN4","day","VIC Melbourne Metro & VIC Outer Melbourne West & VIC Melbourne Metro Inner",22,"10:50","11:03"
"35449651","200 Leicester St, , CARLTON, VIC, 3053","Lactalis (Tullamarine VIC)",1,-37.8014173,144.9614847,"06:00","12:00","Tullamarine","3003","leg1","VAN4","day","VIC Melbourne Metro & VIC Outer Melbourne West & VIC Melbourne Metro Inner",23,"11:12","11:19"
"35449646","3 KENT ST, , ASCOT VALE, VIC, 3032","Lactalis (Tullamarine VIC)",1,-37.78098466,144.93199462,"07:00","12:00","Tullamarine","3003","leg1","VAN4","day","VIC Melbourne Metro & VIC Outer Melbourne West & VIC Melbourne Metro Inner",24,"11:30","11:39"
"35449607","120 ROSAMOND ROAD, Floor 3, MARIBYRNONG, VIC, 3032","Lactalis (Tullamarine VIC)",1,-37.77555857,144.8882591,"09:30","13:30","Tullamarine","3003","leg1","VAN4","day","VIC Melbourne Metro & VIC Outer Melbourne West & VIC Melbourne Metro Inner",25,"11:51","11:57"
"35449593","120-200 ROSAMOND, 120-200 Rosamond, MARIBYRNONG, VIC, 3032","Lactalis (Tullamarine VIC)",1,-37.7728476,144.8895802,"08:30","12:30","Tullamarine","3003","leg1","VAN4","day","VIC Melbourne Metro & VIC Outer Melbourne West & VIC Melbourne Metro Inner",26,"12:02","12:09"
"35449606","200 Rosamond Road, , MARIBYRNONG, VIC, 3032","Lactalis (Tullamarine VIC)",1,-37.77270626,144.88972081,"07:00","18:00","Tullamarine","3003","leg1","VAN4","day","VIC Melbourne Metro & VIC Outer Melbourne West & VIC Melbourne Metro Inner",27,"12:09","12:20"
"35449595","LITTLE BOUNDARY RD, CNR PIPE RD, , LAVERTON NORTH, VIC, 3026","Lactalis (Tullamarine VIC)",1,-37.81947665,144.81924126,"01:00","07:00","Tullamarine","3004","leg1","VAN6","day","VIC Melbourne Metro & VIC Outer Melbourne West & VIC Melbourne Metro Inner",1,"05:17","05:22"
"35449605","2 LITTLE BOUNDARY RD, , LAVERTON NORTH, VIC, 3026","Lactalis (Tullamarine VIC)",1,-37.82308,144.82433,"03:00","11:00","Tullamarine","3004","leg1","VAN6","day","VIC Melbourne Metro & VIC Outer Melbourne West & VIC Melbourne Metro Inner",2,"05:23","05:31"
"35449601","71-75 DOHERTY ROAD, , ALTONA NORTH, VIC, 3025","Lactalis (Tullamarine VIC)",1,-37.83174178,144.82535791,"01:00","07:00","Tullamarine","3004","leg1","VAN6","day","VIC Melbourne Metro & VIC Outer Melbourne West & VIC Melbourne Metro Inner",3,"05:36","05:43"
"35449568","285 FITZGERALD ROAD, , DERRIMUT, VIC, 3030","Lactalis (Tullamarine VIC)",1,-37.8130114,144.7865054,"01:00","07:00","Tullamarine","3004","leg1","VAN6","day","VIC Melbourne Metro & VIC Outer Melbourne West & VIC Melbourne Metro Inner",4,"05:52","06:01"
"35449600","1-5 THE AVENUE, , ARDEER, VIC, 3022","Lactalis (Tullamarine VIC)",1,-37.7963005,144.79010242,"01:00","07:00","Tullamarine","3004","leg1","VAN6","day","VIC Melbourne Metro & VIC Outer Melbourne West & VIC Melbourne Metro Inner",5,"06:06","06:15"
"35449610","75 MT DERRIMUT RD, , DEER PARK, VIC, 3023","Lactalis (Tullamarine VIC)",1,-37.78147408,144.77344685,"06:00","11:00","Tullamarine","3004","leg1","VAN6","day","VIC Melbourne Metro & VIC Outer Melbourne West & VIC Melbourne Metro Inner",6,"06:23","06:28"
"35449611","2A FOLEY RD, , DERRIMUT, VIC, 3026","Lactalis (Tullamarine VIC)",1,-37.7817501,144.7551853,"06:00","11:00","Tullamarine","3004","leg1","VAN6","day","VIC Melbourne Metro & VIC Outer Melbourne West & VIC Melbourne Metro Inner",7,"06:35","06:44"
"35449557","354A ROBINSONS ROAD, , DERRIMUT, VIC, 3030","Lactalis (Tullamarine VIC)",1,-37.8045902,144.7525843,"01:00","07:00","Tullamarine","3004","leg1","VAN6","day","VIC Melbourne Metro & VIC Outer Melbourne West & VIC Melbourne Metro Inner",8,"06:48","06:53"
"35449571","8 HATCHLANDS DRIVE, , DEER PARK, VIC, 3023","Lactalis (Tullamarine VIC)",1,-37.7777705,144.7558794,"07:00","13:00","Tullamarine","3004","leg1","VAN6","day","VIC Melbourne Metro & VIC Outer Melbourne West & VIC Melbourne Metro Inner",9,"07:02","07:08"
"35449612","15-23 EUCUMBENE DRIVE, , RAVENHALL, VIC, 3023","Lactalis (Tullamarine VIC)",1,-37.7579476,144.74288336,"04:00","08:00","Tullamarine","3004","leg1","VAN6","day","VIC Melbourne Metro & VIC Outer Melbourne West & VIC Melbourne Metro Inner",10,"07:14","07:23"
"35449613","29-35 LAKE ST, , CAROLINE SPRINGS, VIC, 3023","Lactalis (Tullamarine VIC)",1,-37.73090138,144.74375644,"07:00","13:00","Tullamarine","3004","leg1","VAN6","day","VIC Melbourne Metro & VIC Outer Melbourne West & VIC Melbourne Metro Inner",11,"07:33","07:43"
"35449592","16-18 EAST ESPLANADE, , ST ALBANS, VIC, 3021","Lactalis (Tullamarine VIC)",1,-37.74333998,144.79962982,"08:00","12:00","Tullamarine","3004","leg1","VAN6","day","VIC Melbourne Metro & VIC Outer Melbourne West & VIC Melbourne Metro Inner",12,"07:58","08:06"
"35449603","267 MAIN ROAD W, , ST ALBANS, VIC, 3021","Lactalis (Tullamarine VIC)",1,-37.7423168,144.779744,"05:00","10:00","Tullamarine","3004","leg1","VAN6","day","VIC Melbourne Metro & VIC Outer Melbourne West & VIC Melbourne Metro Inner",13,"08:10","08:16"
"35449621","51 GUM ROAD, , KINGS PARK, VIC, 3021","Lactalis (Tullamarine VIC)",1,-37.7366002,144.7755586,"07:00","11:00","Tullamarine","3004","leg1","VAN6","day","VIC Melbourne Metro & VIC Outer Melbourne West & VIC Melbourne Metro Inner",14,"08:22","08:29"
"35449619","399 Melton Hwy, 399 Melton Road, TAYLORS LAKES, VIC, 3038","Lactalis (Tullamarine VIC)",1,-37.69980211,144.77582467,"08:30","12:30","Tullamarine","3004","leg1","VAN6","day","VIC Melbourne Metro & VIC Outer Melbourne West & VIC Melbourne Metro Inner",15,"08:39","08:47"
"35449618","399 MELTON HIGHWAY, , TAYLORS LAKES, VIC, 3038","Lactalis (Tullamarine VIC)",1,-37.69798,144.77568,"09:00","13:00","Tullamarine","3004","leg1","VAN6","day","VIC Melbourne Metro & VIC Outer Melbourne West & VIC Melbourne Metro Inner",16,"08:54","09:09"
"35449591","80 TAYLORS RD, 80 Taylors Road, KEILOR DOWNS, VIC, 3038","Lactalis (Tullamarine VIC)",1,-37.72788722,144.80717111,"08:00","14:00","Tullamarine","3004","leg1","VAN6","day","VIC Melbourne Metro & VIC Outer Melbourne West & VIC Melbourne Metro Inner",17,"09:20","09:29"
"35449609","100 SUNSHINE AVENUE, , KEALBA, VIC, 3021","Lactalis (Tullamarine VIC)",1,-37.7418425,144.8263667,"04:00","10:00","Tullamarine","3004","leg1","VAN6","day","VIC Melbourne Metro & VIC Outer Melbourne West & VIC Melbourne Metro Inner",18,"09:34","09:41"
"35449608","664-668 OLD CALDER HWY, , KEILOR, VIC, 3036","Lactalis (Tullamarine VIC)",1,-37.7201598,144.8372207,"06:00","10:00","Tullamarine","3004","leg1","VAN6","day","VIC Melbourne Metro & VIC Outer Melbourne West & VIC Melbourne Metro Inner",19,"09:50","09:57"
"35449622","76-86 NORTH RD, , AVONDALE HEIGHTS, VIC, 3034","Lactalis (Tullamarine VIC)",1,-37.75497085,144.8549341,"07:00","11:00","Tullamarine","3004","leg1","VAN6","day","VIC Melbourne Metro & VIC Outer Melbourne West & VIC Melbourne Metro Inner",20,"10:08","10:14"
"35449594","160 MILITARY RD, , AVONDALE HEIGHTS, VIC, 3034","Lactalis (Tullamarine VIC)",1,-37.7559128,144.85967482,"05:00","12:30","Tullamarine","3004","leg1","VAN6","day","VIC Melbourne Metro & VIC Outer Melbourne West & VIC Melbourne Metro Inner",21,"10:17","10:26"
"35449598","55 DINAH PARADE, , KEILOR EAST, VIC, 3033","Lactalis (Tullamarine VIC)",1,-37.74454,144.8668,"08:00","12:00","Tullamarine","3004","leg1","VAN6","day","VIC Melbourne Metro & VIC Outer Melbourne West & VIC Melbourne Metro Inner",22,"10:30","10:39"
"35449602","392 BALLARAT ROAD, , SUNSHINE NORTH, VIC, 3020","Lactalis (Tullamarine VIC)",1,-37.77846085,144.84361709,"04:00","11:00","Tullamarine","3004","leg1","VAN6","day","VIC Melbourne Metro & VIC Outer Melbourne West & VIC Melbourne Metro Inner",23,"10:51","11:00"
"35449623","80 HARVESTER RD, , SUNSHINE, VIC, 3020","Lactalis (Tullamarine VIC)",1,-37.7821034,144.8315313,"07:00","12:00","Tullamarine","3004","leg1","VAN6","day","VIC Melbourne Metro & VIC Outer Melbourne West & VIC Melbourne Metro Inner",24,"11:06","11:15"
"35449624","5/10 TALLINTYRE RD, , SUNSHINE WEST, VIC, 3020","Lactalis (Tullamarine VIC)",1,-37.79853,144.81773,"08:00","12:00","Tullamarine","3004","leg1","VAN6","day","VIC Melbourne Metro & VIC Outer Melbourne West & VIC Melbourne Metro Inner",25,"11:25","11:34"
"35449653","90-106 SYDNEY RD, , BRUNSWICK, VIC, 3056","Lactalis (Tullamarine VIC)",1,-37.7756,144.96102,"01:00","07:00","Tullamarine","3005","leg1","VAN3","day","VIC Melbourne Metro & VIC Outer Melbourne West & VIC Melbourne Metro Inner",1,"05:46","05:53"
"35449641","179-189 LYGON STREET, , BRUNSWICK, VIC, 3056","Lactalis (Tullamarine VIC)",1,-37.77221,144.97138,"01:00","14:00","Tullamarine","3005","leg1","VAN3","day","VIC Melbourne Metro & VIC Outer Melbourne West & VIC Melbourne Metro Inner",2,"05:57","06:05"
"35449637","54 HOLMES STREET, , BRUNSWICK EAST, VIC, 3057","Lactalis (Tullamarine VIC)",1,-37.75906502,144.97465796,"05:00","09:00","Tullamarine","3005","leg1","VAN3","day","VIC Melbourne Metro & VIC Outer Melbourne West & VIC Melbourne Metro Inner",3,"06:08","06:14"
"35449638","485 BELL STREET, , PRESTON, VIC, 3072","Lactalis (Tullamarine VIC)",1,-37.7444641,144.9941444,"01:00","07:00","Tullamarine","3005","leg1","VAN3","day","VIC Melbourne Metro & VIC Outer Melbourne West & VIC Melbourne Metro Inner",4,"06:21","06:27"
"35449649","199 QUEENS PDE, , FITZROY NORTH, VIC, 3068","Lactalis (Tullamarine VIC)",1,-37.7871712,144.9935913,"01:00","07:00","Tullamarine","3005","leg1","VAN3","day","VIC Melbourne Metro & VIC Outer Melbourne West & VIC Melbourne Metro Inner",5,"06:38","06:48"
"35449723","220 Lower Heidelberg Road, , IVANHOE EAST, VIC, 3079","Lactalis (Tullamarine VIC)",1,-37.772934,145.0582532,"07:00","18:00","Tullamarine","3005","leg1","VAN3","day","VIC Melbourne Metro & VIC Outer Melbourne West & VIC Melbourne Metro Inner",6,"06:58","07:09"
"35449711","Russell Street, , IVANHOE, VIC, 3079","Lactalis (Tullamarine VIC)",1,-37.7743386,145.0450397,"06:30","10:30","Tullamarine","3005","leg1","VAN3","day","VIC Melbourne Metro & VIC Outer Melbourne West & VIC Melbourne Metro Inner",7,"07:11","07:17"
"35449712","140-142 Station Street, , FAIRFIELD, VIC, 3078","Lactalis (Tullamarine VIC)",1,-37.77627298,145.018355,"07:00","11:00","Tullamarine","3005","leg1","VAN3","day","VIC Melbourne Metro & VIC Outer Melbourne West & VIC Melbourne Metro Inner",8,"07:25","07:32"
"35449718","404 Station Street, , THORNBURY, VIC, 3071","Lactalis (Tullamarine VIC)",1,-37.7590134,145.0212609,"07:00","18:00","Tullamarine","3005","leg1","VAN3","day","VIC Melbourne Metro & VIC Outer Melbourne West & VIC Melbourne Metro Inner",9,"07:35","07:44"
"35449727","2-50 Murray Road, Northland Shopping Centre, PRESTON, VIC, 3072","Lactalis (Tullamarine VIC)",1,-37.7389461,145.0299969,"03:00","09:00","Tullamarine","3005","leg1","VAN3","day","VIC Melbourne Metro & VIC Outer Melbourne West & VIC Melbourne Metro Inner",10,"07:51","08:00"
"35449731","2-50 MURRAY ROAD
Northland Shopping Centre, , PRESTON, VIC, 3072","Lactalis (Tullamarine VIC)",1,-37.7389461,145.0299969,"05:00","09:00","Tullamarine","3005","leg1","VAN3","day","VIC Melbourne Metro & VIC Outer Melbourne West & VIC Melbourne Metro Inner",11,"08:00","08:09"
"35449714","2-50 Murray Street, Northland Shopping Centre, PRESTON, VIC, 3072","Lactalis (Tullamarine VIC)",1,-37.73913,145.03175,"05:30","10:00","Tullamarine","3005","leg1","VAN3","day","VIC Melbourne Metro & VIC Outer Melbourne West & VIC Melbourne Metro Inner",12,"08:13","08:20"
"35449720","10 Hotham Road, , PRESTON, VIC, 3072","Lactalis (Tullamarine VIC)",1,-37.7516756,145.0069222,"08:00","12:00","Tullamarine","3005","leg1","VAN3","day","VIC Melbourne Metro & VIC Outer Melbourne West & VIC Melbourne Metro Inner",13,"08:30","08:37"
"35449730","709 High Street, , THORNBURY, VIC, 3071","Lactalis (Tullamarine VIC)",1,-37.7593066,145.000233,"07:30","15:00","Tullamarine","3005","leg1","VAN3","day","VIC Melbourne Metro & VIC Outer Melbourne West & VIC Melbourne Metro Inner",14,"08:42","08:51"
"35449716","2-8 Calrendon Street, , THORNBURY, VIC, 3071","Lactalis (Tullamarine VIC)",1,-37.7597615,145.0010479,"05:00","09:00","Tullamarine","3005","leg1","VAN3","day","VIC Melbourne Metro & VIC Outer Melbourne West & VIC Melbourne Metro Inner",15,"08:52","09:01"
"35449713","671 High Street, , THORNBURY, VIC, 3071","Lactalis (Tullamarine VIC)",1,-37.76066206,145.00006477,"07:00","13:00","Tullamarine","3005","leg1","VAN3","day","VIC Melbourne Metro & VIC Outer Melbourne West & VIC Melbourne Metro Inner",16,"09:02","09:11"
"35449725","3 Separation Street, Northcote Plaza Shopping Centre, NORTHCOTE, VIC, 3070","Lactalis (Tullamarine VIC)",1,-37.76893635,145.0013584,"07:30","13:00","Tullamarine","3005","leg1","VAN3","day","VIC Melbourne Metro & VIC Outer Melbourne West & VIC Melbourne Metro Inner",17,"09:14","09:19"
"35449715","3 Separation Street, Northcote Plaza Shopping Centre, NORTHCOTE, VIC, 3070","Lactalis (Tullamarine VIC)",1,-37.7687947,145.0018698,"07:30","14:00","Tullamarine","3005","leg1","VAN3","day","VIC Melbourne Metro & VIC Outer Melbourne West & VIC Melbourne Metro Inner",18,"09:21","09:27"
"35449728","111 Victoria Road, , NORTHCOTE, VIC, 3070","Lactalis (Tullamarine VIC)",1,-37.7733616,145.010946,"08:00","14:00","Tullamarine","3005","leg1","VAN3","day","VIC Melbourne Metro & VIC Outer Melbourne West & VIC Melbourne Metro Inner",19,"09:31","09:40"
"35449717","284-288 High Street, , NORTHCOTE, VIC, 3070","Lactalis (Tullamarine VIC)",1,-37.77176,144.9988538,"06:00","10:00","Tullamarine","3005","leg1","VAN3","day","VIC Melbourne Metro & VIC Outer Melbourne West & VIC Melbourne Metro Inner",20,"09:44","09:49"
"35449726","153 High Street, , NORTHCOTE, VIC, 3070","Lactalis (Tullamarine VIC)",1,-37.7762748,144.9974009,"07:00","18:00","Tullamarine","3005","leg1","VAN3","day","VIC Melbourne Metro & VIC Outer Melbourne West & VIC Melbourne Metro Inner",21,"09:50","09:59"
"35449657","326-328 LYGON ST, , BRUNSWICK EAST, VIC, 3057","Lactalis (Tullamarine VIC)",1,-37.76864593,144.97237999,"07:00","11:00","Tullamarine","3005","leg1","VAN3","day","VIC Melbourne Metro & VIC Outer Melbourne West & VIC Melbourne Metro Inner",22,"10:07","10:16"
"35449721","392-398 Gilbert Road, , PRESTON, VIC, 3072","Lactalis (Tullamarine VIC)",1,-37.73546,144.99086,"07:00","13:00","Tullamarine","3005","leg1","VAN3","day","VIC Melbourne Metro & VIC Outer Melbourne West & VIC Melbourne Metro Inner",23,"10:26","10:35"
"35449722","26-30 Edwards Street, , RESERVOIR, VIC, 3073","Lactalis (Tullamarine VIC)",1,-37.716017,145.0050268,"06:30","14:00","Tullamarine","3005","leg1","VAN3","day","VIC Melbourne Metro & VIC Outer Melbourne West & VIC Melbourne Metro Inner",24,"10:42","10:51"
"35449709","931 High Street, , RESERVOIR, VIC, 3073","Lactalis (Tullamarine VIC)",1,-37.71171,145.00804,"07:00","18:00","Tullamarine","3005","leg1","VAN3","day","VIC Melbourne Metro & VIC Outer Melbourne West & VIC Melbourne Metro Inner",25,"10:52","11:01"
"35449732","33-47 Blake Street, , RESERVOIR, VIC, 3073","Lactalis (Tullamarine VIC)",1,-37.7322304,145.0366269,"07:00","13:00","Tullamarine","3005","leg1","VAN3","day","VIC Melbourne Metro & VIC Outer Melbourne West & VIC Melbourne Metro Inner",26,"11:11","11:18"
"35449710","2-50 Murray Road, Northland Shopping Centre, PRESTON, VIC, 3072","Lactalis (Tullamarine VIC)",1,-37.73854,145.03004,"08:00","12:00","Tullamarine","3005","leg1","VAN3","day","VIC Melbourne Metro & VIC Outer Melbourne West & VIC Melbourne Metro Inner",27,"11:25","11:34"
"35449729","116 Dougharty Road, , HEIDELBERG WEST, VIC, 3081","Lactalis (Tullamarine VIC)",1,-37.7342158,145.0481797,"05:00","12:00","Tullamarine","3005","leg1","VAN3","day","VIC Melbourne Metro & VIC Outer Melbourne West & VIC Melbourne Metro Inner",28,"11:42","11:51"
"35449719","28 The Mall, , HEIDELBERG WEST, VIC, 3081","Lactalis (Tullamarine VIC)",1,-37.7491161,145.0427862,"00:00","12:00","Tullamarine","3005","leg1","VAN3","day","VIC Melbourne Metro & VIC Outer Melbourne West & VIC Melbourne Metro Inner",29,"11:57","12:06"
"35449724","103 Bell Street, , PRESTON, VIC, 3072","Lactalis (Tullamarine VIC)",1,-37.74752397,145.02201622,"05:00","18:00","Tullamarine","3005","leg1","VAN3","day","VIC Melbourne Metro & VIC Outer Melbourne West & VIC Melbourne Metro Inner",30,"12:11","12:20"
"35449617","410 Melton Hwy, , TAYLORS LAKES, VIC, 3038","Lactalis (Tullamarine VIC)",1,-37.6967247,144.7822875,"04:00","10:00","Tullamarine","3006","leg1","VAN2","day","VIC Melbourne Metro & VIC Outer Melbourne West & VIC Melbourne Metro Inner",1,"05:11","05:18"
"35449620","352 SYDENHAM RD, , SYDENHAM, VIC, 3037","Lactalis (Tullamarine VIC)",1,-37.7033751,144.7739489,"06:30","10:30","Tullamarine","3006","leg1","VAN2","day","VIC Melbourne Metro & VIC Outer Melbourne West & VIC Melbourne Metro Inner",2,"05:24","06:41"
"35449615","575 MELTON HIGHWAY, , HILLSIDE, VIC, 3037","Lactalis (Tullamarine VIC)",1,-37.6939222,144.7557936,"04:00","08:00","Tullamarine","3006","leg1","VAN2","day","VIC Melbourne Metro & VIC Outer Melbourne West & VIC Melbourne Metro Inner",3,"06:48","06:57"
"35449616","178 Community Hub, , HILLSIDE, VIC, 3037","Lactalis (Tullamarine VIC)",1,-37.6990767,144.7445076,"07:00","11:00","Tullamarine","3006","leg1","VAN2","day","VIC Melbourne Metro & VIC Outer Melbourne West & VIC Melbourne Metro Inner",4,"07:01","07:08"
"35449614","127 GOURLAY ROAD, , TAYLORS HILL, VIC, 3037","Lactalis (Tullamarine VIC)",1,-37.7117228,144.7407316,"05:00","10:00","Tullamarine","3006","leg1","VAN2","day","VIC Melbourne Metro & VIC Outer Melbourne West & VIC Melbourne Metro Inner",5,"07:12","07:21"
"35449694","2 SADIE AVENUE, , THORNHILL PARK, VIC, 3335","Lactalis (Tullamarine VIC)",1,-37.71395,144.6288,"07:00","18:00","Tullamarine","3006","leg1","VAN2","day","VIC Melbourne Metro & VIC Outer Melbourne West & VIC Melbourne Metro Inner",6,"07:44","07:53"
"35449696","FEDERATION DRIVE & MELTON HWY, , MELTON, VIC, 3337","Lactalis (Tullamarine VIC)",1,-37.68411238,144.60676575,"00:00","11:00","Tullamarine","3006","leg1","VAN2","day","VIC Melbourne Metro & VIC Outer Melbourne West & VIC Melbourne Metro Inner",7,"08:04","08:09"
"35449697","2259 Melton Hwy, , MELTON, VIC, 3337","Lactalis (Tullamarine VIC)",1,-37.68715202,144.60637482,"05:00","09:00","Tullamarine","3006","leg1","VAN2","day","VIC Melbourne Metro & VIC Outer Melbourne West & VIC Melbourne Metro Inner",8,"08:13","08:22"
"35449698","2269 MELTON HIGHWAY, , MELTON, VIC, 3337","Lactalis (Tullamarine VIC)",1,-37.68932366,144.60584751,"07:00","11:00","Tullamarine","3006","leg1","VAN2","day","VIC Melbourne Metro & VIC Outer Melbourne West & VIC Melbourne Metro Inner",9,"08:24","08:31"
"35449699","2269 MELTON HWY, , MELTON, VIC, 3337","Lactalis (Tullamarine VIC)",1,-37.69113683,144.60679543,"05:30","11:00","Tullamarine","3006","leg1","VAN2","day","VIC Melbourne Metro & VIC Outer Melbourne West & VIC Melbourne Metro Inner",10,"08:32","08:40"
"35449700","99 HIGH STREET, , MELTON, VIC, 3337","Lactalis (Tullamarine VIC)",1,-37.6889389,144.6013015,"05:00","11:00","Tullamarine","3006","leg1","VAN2","day","VIC Melbourne Metro & VIC Outer Melbourne West & VIC Melbourne Metro Inner",11,"08:42","08:47"
"35449702","335-345 HIGH STREET, , MELTON, VIC, 3337","Lactalis (Tullamarine VIC)",1,-37.683846,144.582288,"07:00","12:00","Tullamarine","3006","leg1","VAN2","day","VIC Melbourne Metro & VIC Outer Melbourne West & VIC Melbourne Metro Inner",12,"08:52","08:58"
"35449701","418 HIGH STREET, , MELTON, VIC, 3337","Lactalis (Tullamarine VIC)",1,-37.6830973,144.5772434,"00:00","11:00","Tullamarine","3006","leg1","VAN2","day","VIC Melbourne Metro & VIC Outer Melbourne West & VIC Melbourne Metro Inner",13,"09:01","09:09"
"35449703","1-9 STATION ROAD, , MELTON SOUTH, VIC, 3338","Lactalis (Tullamarine VIC)",1,-37.7026454,144.5748332,"00:00","11:00","Tullamarine","3006","leg1","VAN2","day","VIC Melbourne Metro & VIC Outer Melbourne West & VIC Melbourne Metro Inner",14,"09:13","09:22"
"35449704","34-42 BROOKLYN ROAD, , MELTON SOUTH, VIC, 3338","Lactalis (Tullamarine VIC)",1,-37.7021524,144.5720623,"06:30","12:00","Tullamarine","3006","leg1","VAN2","day","VIC Melbourne Metro & VIC Outer Melbourne West & VIC Melbourne Metro Inner",15,"09:22","09:29"
"35449707","13 GISBORNE RD, , BACCHUS MARSH, VIC, 3340","Lactalis (Tullamarine VIC)",1,-37.67451,144.43573,"06:30","10:30","Tullamarine","3006","leg1","VAN2","day","VIC Melbourne Metro & VIC Outer Melbourne West & VIC Melbourne Metro Inner",16,"09:44","09:49"
"35449706","4A McCormacks Rd, , MADDINGLEY, VIC, 3340","Lactalis (Tullamarine VIC)",1,-37.68845252,144.41284768,"06:30","10:30","Tullamarine","3006","leg1","VAN2","day","VIC Melbourne Metro & VIC Outer Melbourne West & VIC Melbourne Metro Inner",17,"09:55","10:07"
"35449705","1-9 BENNETT STREET, , BACCHUS MARSH, VIC, 3340","Lactalis (Tullamarine VIC)",1,-37.67423409,144.43766777,"06:30","10:30","Tullamarine","3006","leg1","VAN2","day","VIC Melbourne Metro & VIC Outer Melbourne West & VIC Melbourne Metro Inner",18,"10:13","10:20"
"35449679","151 Gisborne Rd, , BACCHUS MARSH, VIC, 3340","Lactalis (Tullamarine VIC)",1,-37.65926799,144.44140868,"06:30","10:30","Tullamarine","3006","leg1","VAN2","day","VIC Melbourne Metro & VIC Outer Melbourne West & VIC Melbourne Metro Inner",19,"10:24","10:33"
"35449695","553-555 HIGH STREET
Woodgrove Shopping Centre, , MELTON WEST, VIC, 3337","Lactalis (Tullamarine VIC)",1,-37.6863777,144.5665007,"08:30","13:00","Tullamarine","3006","leg1","VAN2","day","VIC Melbourne Metro & VIC Outer Melbourne West & VIC Melbourne Metro Inner",20,"10:46","10:55"
"35449708","533-555 HIGH ST, WOODGROVE S/C, , MELTON, VIC, 3337","Lactalis (Tullamarine VIC)",1,-37.68623037,144.56147445,"08:00","13:00","Tullamarine","3006","leg1","VAN2","day","VIC Melbourne Metro & VIC Outer Melbourne West & VIC Melbourne Metro Inner",21,"11:00","11:07"
"35449683","22 Brantome St, , GISBORNE, VIC, 3437","Lactalis (Tullamarine VIC)",1,-37.48635217,144.58919346,"07:00","13:00","Tullamarine","3007","leg1","VAN1","day","VIC Bendigo",1,"07:00","07:09"
"35449682","Cnr Robertson &, Brantome St, , GISBORNE, VIC, 3437","Lactalis (Tullamarine VIC)",1,-37.48675616,144.58896983,"07:00","11:00","Tullamarine","3007","leg1","VAN1","day","VIC Bendigo",2,"07:09","07:18"
"35449684","24 HAMILTON STREET, , GISBORNE, VIC, 3437","Lactalis (Tullamarine VIC)",1,-37.4876083,144.5907767,"07:00","12:00","Tullamarine","3007","leg1","VAN1","day","VIC Bendigo",3,"07:20","07:26"
"35449685","239 STATION ROAD, , NEW GISBORNE, VIC, 3438","Lactalis (Tullamarine VIC)",1,-37.4627887,144.5964304,"07:00","11:00","Tullamarine","3007","leg1","VAN1","day","VIC Bendigo",4,"07:32","07:39"
"35449686","2 STATION STREET, , RIDDELLS CREEK, VIC, 3431","Lactalis (Tullamarine VIC)",1,-37.46318355,144.6776092,"06:30","10:30","Tullamarine","3007","leg1","VAN1","day","VIC Bendigo",5,"07:48","07:57"
"35449687","29-31 MAIN ST, , ROMSEY, VIC, 3434","Lactalis (Tullamarine VIC)",1,-37.3580765,144.7431197,"06:00","11:00","Tullamarine","3007","leg1","VAN1","day","VIC Bendigo",6,"08:11","08:19"
"35449688","12/107 MAIN ST, , ROMSEY, VIC, 3434","Lactalis (Tullamarine VIC)",1,-37.3480889,144.74135935,"07:00","12:00","Tullamarine","3007","leg1","VAN1","day","VIC Bendigo",7,"08:22","08:31"
"35449690","21 HIGH ST, , LANCEFIELD, VIC, 3435","Lactalis (Tullamarine VIC)",1,-37.2773669,144.733813,"08:00","12:00","Tullamarine","3007","leg1","VAN1","day","VIC Bendigo",8,"08:39","08:49"
"35449689","74 MAIN ROAD, , LANCEFIELD, VIC, 3435","Lactalis (Tullamarine VIC)",1,-37.2772286,144.7371489,"05:00","09:00","Tullamarine","3007","leg1","VAN1","day","VIC Bendigo",9,"08:51","08:57"
"35449691","128 HIGH STREET, , WOODEND, VIC, 3442","Lactalis (Tullamarine VIC)",1,-37.35622453,144.5287264,"07:00","12:00","Tullamarine","3007","leg1","VAN1","day","VIC Bendigo",10,"09:20","09:27"
"35449692","55 HIGH ST, , KYNETON, VIC, 3444","Lactalis (Tullamarine VIC)",1,-37.2501103,144.4557185,"05:30","11:00","Tullamarine","3007","leg1","VAN1","day","VIC Bendigo",11,"09:41","09:53"
"35449693","62 MOLLISON STREET, , KYNETON, VIC, 3444","Lactalis (Tullamarine VIC)",1,-37.25011384,144.45325924,"07:00","12:00","Tullamarine","3007","leg1","VAN1","day","VIC Bendigo",12,"09:54","10:08"